"","base_egg_steps","base_happiness","capture_rate","experience_growth","height_m","speed","weight_kg","generation","is_legendary","avg_ehp","avg_attack"
"1",5120,70,45,1059860,0.7,45,6.9,1,"0",23.9844155844156,57
"2",5120,70,45,1059860,1,60,13,1,"0",40.1142857142857,71
"3",5120,70,45,1059860,2,80,100,1,"0",90.8883116883117,111
"4",5120,70,45,1059860,0.6,65,8.5,1,"0",18.135,56
"5",5120,70,45,1059860,1.1,80,19,1,"0",35.67,72
"6",5120,70,45,1059860,1.7,100,90.5,1,"0",73.2356756756757,131.5
"7",5120,70,45,1059860,0.5,43,9,1,"0",28.38,49
"8",5120,70,45,1059860,1,58,22.5,1,"0",47.2,64
"9",5120,70,45,1059860,1.6,78,85.5,1,"0",92.825,119
"10",3840,70,255,1000000,0.3,45,2.9,1,"0",11.4230769230769,25
"11",3840,70,120,1000000,0.7,30,9.9,1,"0",18.4615384615385,22.5
"12",3840,70,45,1000000,1.1,70,32,1,"0",31.9090909090909,67.5
"13",3840,70,255,1000000,0.3,50,3.2,1,"0",9.47368421052632,27.5
"14",3840,70,120,1000000,0.6,35,10,1,"0",15.9868421052632,25
"15",3840,70,45,1000000,1,145,29.5,1,"0",36.9473684210526,82.5
"16",3840,70,255,1059860,0.3,56,1.8,1,"0",15,40
"17",3840,70,120,1059860,1.1,71,30,1,"0",33.075,55
"18",3840,70,45,1059860,1.5,121,39.5,1,"0",66.4,107.5
"21",3840,70,255,1000000,0.3,70,2,1,"0",12.2,45.5
"22",3840,70,90,1000000,1.2,100,38,1,"0",40.95,75.5
"23",5120,70,255,1000000,2,55,6.9,1,"0",17.64,50
"24",5120,70,90,1000000,3.5,80,65,1,"0",45.6685714285714,80
"25",2560,70,190,1000000,0.4,90,6,1,"0",16.2,52.5
"29",5120,70,235,1059860,0.4,41,7,1,"0",26.0228571428571,43.5
"30",5120,70,120,1059860,0.8,56,20,1,"0",43.92,58.5
"31",5120,70,45,1059860,1.3,76,60,1,"0",76.3397260273973,83.5
"32",5120,70,235,1059860,0.5,50,9,1,"0",18.9257142857143,48.5
"33",5120,70,120,1059860,0.9,65,19.5,1,"0",35.136,63.5
"34",5120,70,45,1059860,1.4,85,62,1,"0",60.7167123287671,93.5
"35",2560,140,150,800000,0.6,35,7.5,1,"0",40.68,52.5
"36",2560,140,25,800000,1.3,60,40,1,"0",79.6371428571428,82.5
"39",2560,70,170,800000,0.5,20,5.5,1,"0",27.3970588235294,45
"40",2560,70,50,800000,1,45,12,1,"0",70.4117647058823,77.5
"41",3840,70,255,1000000,0.8,55,7.5,1,"0",15.2112676056338,37.5
"42",3840,70,90,1000000,1.6,90,55,1,"0",55.1408450704225,72.5
"43",5120,70,255,1059860,0.5,30,5.4,1,"0",25.2467532467532,62.5
"44",5120,70,120,1059860,0.8,40,8.6,1,"0",40.6753246753247,75
"45",5120,70,45,1059860,1.2,50,18.6,1,"0",61.3636363636364,95
"46",5120,70,190,1000000,0.3,25,5.4,1,"0",13.86,57.5
"47",5120,70,75,1000000,1,30,29.5,1,"0",34.56,77.5
"48",5120,70,190,1000000,1,45,30,1,"0",29.8421052631579,47.5
"49",5120,70,75,1000000,1.5,90,12.5,1,"0",44.7631578947368,77.5
"54",5120,70,190,1000000,0.8,55,19.6,1,"0",24.5,58.5
"55",5120,70,75,1000000,1.7,85,76.6,1,"0",63.2,88.5
"56",5120,70,190,1000000,0.5,70,28,1,"0",14.7692307692308,57.5
"57",5120,70,75,1000000,1,95,32,1,"0",39,82.5
"58",5120,70,190,1250000,0.7,60,19,1,"0",26.125,70
"59",5120,70,75,1250000,1.9,95,155,1,"0",72,105
"60",5120,70,255,1059860,0.6,90,12.4,1,"0",16,45
"61",5120,70,120,1059860,1,90,20,1,"0",37.375,57.5
"62",5120,70,45,1059860,1.3,70,54,1,"0",76.8461538461539,82.5
"63",5120,70,200,1059860,0.9,90,19.5,1,"0",7.875,62.5
"64",5120,70,100,1059860,1.3,105,56.5,1,"0",18,77.5
"65",5120,70,50,1059860,1.5,150,48,1,"0",42.075,112.5
"66",5120,70,180,1059860,0.8,35,19.5,1,"0",27.4615384615385,57.5
"67",5120,70,90,1059860,1.5,45,70.5,1,"0",48,75
"68",5120,70,45,1059860,1.6,55,130,1,"0",68.5384615384615,97.5
"69",5120,70,255,1059860,0.7,40,4,1,"0",15.1948051948052,72.5
"70",5120,70,120,1059860,1,55,6.4,1,"0",28.8701298701299,87.5
"71",5120,70,45,1059860,1.7,70,15.5,1,"0",50.4935064935065,102.5
"72",5120,70,190,1250000,0.9,70,45.5,1,"0",28.5882352941176,45
"73",5120,70,60,1250000,1.6,100,55,1,"0",78.3529411764706,75
"77",5120,70,190,1000000,1,90,30,1,"0",30,75
"78",5120,70,60,1000000,1.7,105,95,1,"0",48.75,90
"79",5120,70,190,1000000,1.2,15,36,1,"0",42.525,52.5
"80",5120,70,75,1000000,1.6,30,78.5,1,"0",111.15,102.5
"81",5120,70,190,1000000,0.3,45,6,1,"0",17.578125,65
"82",5120,70,60,1000000,1,70,60,1,"0",46.40625,90
"83",5120,70,45,1000000,0.8,60,15,1,"0",30.42,74
"84",5120,70,190,1000000,1.4,75,39.2,1,"0",14,60
"85",5120,70,45,1000000,1.8,110,85.2,1,"0",39,85
"86",5120,70,190,1000000,1.1,45,90,1,"0",40.625,45
"87",5120,70,75,1000000,1.7,70,120,1,"0",68.3132530120482,70
"90",5120,70,190,1250000,0.3,40,4,1,"0",18.75,55
"91",5120,70,60,1250000,1.5,70,132.5,1,"0",48.7951807228916,90
"92",5120,70,190,1059860,1.3,80,0.1,1,"0",10.0285714285714,67.5
"93",5120,70,90,1059860,1.6,95,0.1,1,"0",23.1428571428571,82.5
"94",5120,70,45,1059860,1.5,130,40.5,1,"0",54,117.5
"95",6400,70,45,1000000,8.8,70,210,1,"0",26.6288659793814,37.5
"96",5120,70,190,1000000,1,42,32.4,1,"0",36.45,45.5
"97",5120,70,75,1000000,1.6,67,75.6,1,"0",70.7625,73
"98",5120,70,225,1000000,0.4,50,6.5,1,"0",17.25,65
"99",5120,70,60,1000000,1.3,75,60,1,"0",45.375,90
"100",5120,70,190,1000000,0.5,100,10.4,1,"0",21.6,42.5
"101",5120,70,60,1000000,1.2,150,66.6,1,"0",46.2857142857143,65
"102",5120,70,90,1250000,0.4,40,2.5,1,"0",28.125,50
"104",5120,70,190,1000000,0.4,35,6.5,1,"0",34.3421052631579,45
"106",6400,70,45,1000000,1.5,87,49.8,1,"0",37.6153846153846,77.5
"107",6400,70,45,1000000,1.4,76,50.2,1,"0",43.6153846153846,70
"108",5120,70,45,1000000,1.2,30,65.5,1,"0",67.5,57.5
"109",5120,70,190,1000000,0.6,35,1,1,"0",28.8,62.5
"110",5120,70,60,1000000,1.2,60,9.5,1,"0",63.5142857142857,87.5
"111",5120,70,120,1250000,1,25,115,1,"0",37.1134020618557,57.5
"112",5120,70,60,1250000,1.9,40,120,1,"0",64.2989690721649,87.5
"113",10240,140,30,800000,1.1,50,34.6,1,"0",137.5,20
"114",5120,70,45,1000000,1,60,35,1,"0",43.1785714285714,77.5
"115",5120,70,45,1000000,2.2,100,80,1,"0",105,92.5
"116",5120,70,225,1000000,0.4,60,8,1,"0",14.25,55
"117",5120,70,75,1000000,1.2,85,25,1,"0",38.5,80
"118",5120,70,225,1000000,0.6,63,15,1,"0",24.75,51
"119",5120,70,60,1000000,1.3,68,39,1,"0",58,78.5
"120",5120,70,225,1250000,0.8,85,34.5,1,"0",16.5,57.5
"121",5120,70,60,1250000,1.1,115,80,1,"0",45.9,87.5
"122",6400,70,45,1000000,1.3,90,54.5,1,"0",35.52,72.5
"123",6400,70,45,1000000,1.5,105,56,1,"0",45.8181818181818,82.5
"124",6400,70,45,1000000,1.4,95,40.6,1,"0",33.0652173913044,82.5
"125",6400,70,45,1000000,1.1,105,30,1,"0",47.4685714285714,89
"126",6400,70,45,1000000,1.3,93,44.5,1,"0",46.15,97.5
"127",6400,70,45,1250000,1.5,105,55,1,"0",63,110
"128",5120,70,45,1250000,1.4,110,88.4,1,"0",61.875,70
"129",1280,70,255,1250000,0.9,80,10,1,"0",7.5,12.5
"130",1280,70,45,1250000,6.5,81,235,1,"0",110.456756756757,112.5
"131",10240,70,45,1250000,2.5,60,220,1,"0",98.6746987951807,85
"132",5120,70,35,1000000,0.3,48,4,1,"0",23.04,48
"133",8960,70,45,1000000,0.3,55,6.5,1,"0",31.625,50
"134",8960,70,45,1000000,1,65,29,1,"0",100.75,87.5
"135",8960,70,45,1000000,0.8,130,24.5,1,"0",51.8142857142857,87.5
"136",8960,70,45,1000000,0.9,65,25,1,"0",55.25,112.5
"137",5120,70,45,1000000,0.8,40,36.5,1,"0",47.125,72.5
"138",7680,70,45,1000000,0.4,35,7.5,1,"0",22.9764705882353,65
"139",7680,70,45,1000000,1,55,35,1,"0",57.8117647058824,87.5
"140",7680,70,45,1000000,0.5,55,11.5,1,"0",17.1529411764706,67.5
"141",7680,70,45,1000000,1.3,80,40.5,1,"0",44.4705882352941,90
"142",8960,70,45,1250000,1.8,150,59,1,"0",66.4615384615385,102.5
"143",10240,70,25,1250000,2.1,30,460,1,"0",140,87.5
"144",20480,35,3,1250000,1.7,85,55.4,1,"1",82.8409090909091,90
"145",20480,35,3,1250000,1.6,100,52.6,1,"1",85.9090909090909,107.5
"146",20480,35,3,1250000,2,90,60,1,"1",76.6216216216216,112.5
"147",10240,35,45,1250000,1.8,50,3.3,1,"0",18.45,57
"148",10240,35,45,1250000,4,70,16.5,1,"0",39.0078947368421,77
"149",10240,35,45,1250000,2.2,80,210,1,"0",78.8666666666667,117
"150",30720,0,3,1250000,2,140,122,1,"1",90.63,172
"151",30720,100,45,1059860,0.4,100,4,1,"1",90,100
"152",5120,70,45,1059860,0.9,45,6.4,2,"0",25.0714285714286,49
"153",5120,70,45,1059860,1.2,60,15.8,2,"0",41.1428571428571,62.5
"154",5120,70,45,1059860,1.8,80,100.5,2,"0",68.5714285714286,82.5
"155",5120,70,45,1059860,0.5,65,7.9,2,"0",18.135,56
"156",5120,70,45,1059860,0.9,80,19,2,"0",35.67,72
"157",5120,70,45,1059860,1.7,100,79.5,2,"0",63.57,96.5
"158",5120,70,45,1059860,0.6,43,9.5,2,"0",28,54.5
"159",5120,70,45,1059860,1.1,58,25,2,"0",46.475,69.5
"160",5120,70,45,1059860,2.3,78,88.8,2,"0",77.775,92
"161",3840,70,255,1000000,0.8,20,6,2,"0",13.825,40.5
"162",3840,70,90,1000000,1.8,90,32.5,2,"0",50.575,60.5
"163",3840,70,255,1000000,0.7,50,21.2,2,"0",25.8,33
"164",3840,70,90,1000000,1.6,70,40.8,2,"0",73,68
"165",3840,70,255,800000,1,55,10.8,2,"0",18,30
"166",3840,70,90,800000,1.4,85,35.6,2,"0",36,45
"167",3840,70,255,800000,0.5,30,8.5,2,"0",15.1578947368421,50
"168",3840,70,90,800000,1.1,40,33.5,2,"0",46.4210526315789,75
"169",3840,70,90,1000000,1.8,130,75,2,"0",68.9577464788732,80
"170",5120,70,190,1250000,0.5,67,12,2,"0",36.7826086956522,47
"171",5120,70,75,1250000,1.2,67,22.5,2,"0",87.3913043478261,67
"172",2560,70,190,1000000,0.3,60,2,2,"0",5.14285714285714,37.5
"173",2560,140,150,800000,0.3,15,3,2,"0",21.3428571428571,35
"174",2560,70,170,800000,0.3,15,1,2,"0",16.6764705882353,35
"175",2560,70,190,800000,0.3,20,1.5,2,"0",23.4,30
"176",2560,70,75,800000,0.6,40,3.2,2,"0",50.8378378378378,60
"177",5120,70,190,1000000,0.2,70,2,2,"0",16,60
"178",5120,70,75,1000000,1.5,95,15,2,"0",40.4444444444444,85
"179",5120,70,235,1059860,0.6,35,7.8,2,"0",24.0428571428571,52.5
"180",5120,70,120,1059860,0.8,45,13.3,2,"0",41.4,67.5
"181",5120,70,45,1059860,1.4,45,61.5,2,"0",99.5142857142857,130
"182",5120,70,45,1059860,0.4,50,5.8,2,"0",62.6785714285714,85
"183",2560,70,190,800000,0.4,40,8.5,2,"0",37.0588235294118,20
"184",2560,70,75,800000,0.8,50,28.5,2,"0",84.7058823529412,55
"185",5120,70,65,1000000,1.2,30,38,2,"0",54,65
"186",5120,70,45,1059860,1.1,70,33.9,2,"0",78.75,82.5
"187",5120,70,255,1059860,0.4,50,0.5,2,"0",13.4494382022472,35
"188",5120,70,120,1059860,0.6,80,1,2,"0",25.5842696629213,45
"189",5120,70,45,1059860,0.8,110,3,2,"0",50.0561797752809,55
"190",5120,70,45,800000,0.8,85,11.5,2,"0",30.25,55
"191",5120,70,235,1059860,0.3,30,1.8,2,"0",7.71428571428571,30
"192",5120,70,120,1059860,0.8,30,8.5,2,"0",45,90
"193",5120,70,75,1000000,1.2,95,38,2,"0",23.9318181818182,70
"194",5120,70,255,1000000,0.4,15,8.5,2,"0",19.25,35
"195",5120,70,90,1000000,1.4,35,75,2,"0",71.25,75
"196",8960,70,45,1000000,0.9,110,26.5,2,"0",45.3375,97.5
"197",8960,35,45,1000000,1,65,27,2,"0",108,62.5
"198",5120,35,30,1059860,0.5,91,2.1,2,"0",24.5189189189189,85
"199",5120,70,70,1000000,2,30,79.5,2,"0",81.225,87.5
"200",6400,35,45,800000,0.7,85,1,2,"0",46.0588235294118,72.5
"201",10240,70,225,1000000,0.5,48,5,2,"0",20.736,72
"202",5120,70,45,1000000,1.3,33,28.5,2,"0",99.18,33
"203",5120,70,60,1000000,1.5,85,41.5,2,"0",44.2702702702703,85
"204",5120,70,190,1000000,0.6,15,7.2,2,"0",28.8461538461538,50
"205",5120,70,75,1000000,1.2,40,125.8,2,"0",85.7142857142857,75
"206",5120,70,190,1000000,1.5,45,14,2,"0",67.5,67.5
"207",5120,70,60,1059860,1.1,85,64.8,2,"0",53.7567567567568,55
"208",6400,70,25,1000000,9.2,30,400,2,"0",139.285714285714,90
"209",5120,70,190,800000,0.6,30,7.8,2,"0",27.7714285714286,60
"210",5120,70,75,800000,1.4,45,48.7,2,"0",62.4857142857143,90
"211",5120,70,45,1000000,0.5,85,3.9,2,"0",48.1764705882353,75
"212",6400,70,25,1000000,1.8,75,118,2,"0",96,107.5
"213",5120,70,190,1059860,0.6,5,20.5,2,"0",41.4,10
"214",6400,70,45,1250000,1.5,75,54,2,"0",73.6744186046512,112.5
"215",5120,35,60,1059860,0.9,115,28,2,"0",27.3829787234043,65
"216",5120,70,120,1000000,0.6,40,8.8,2,"0",30,65
"217",5120,70,60,1000000,1.8,55,125.8,2,"0",67.5,102.5
"218",5120,70,190,1000000,0.7,20,35,2,"0",16,55
"219",5120,70,75,1000000,0.8,30,55,2,"0",48.5393258426966,70
"220",5120,70,225,1250000,0.4,50,6.5,2,"0",14.6511627906977,40
"221",5120,70,75,1250000,1.1,50,55.8,2,"0",58.6046511627907,80
"222",5120,70,60,800000,0.6,35,5,2,"0",52.3058823529412,60
"223",5120,70,190,1000000,0.6,65,12,2,"0",12.25,65
"224",5120,70,75,1000000,0.9,45,28.5,2,"0",56.25,105
"225",5120,70,45,800000,0.9,75,16,2,"0",16.5681818181818,60
"226",6400,70,25,1250000,2.1,70,220,2,"0",86.8378378378379,60
"227",6400,70,25,1250000,1.7,70,50.5,2,"0",91,60
"228",5120,35,120,1250000,0.6,65,10.8,2,"0",18,70
"229",5120,35,45,1250000,1.4,115,35,2,"0",67.5,115
"230",5120,70,45,1000000,1.8,85,152,2,"0",71.25,95
"231",5120,70,120,1000000,0.5,40,33.5,2,"0",42.6315789473684,50
"232",5120,70,60,1000000,1.1,50,120,2,"0",76.7368421052632,90
"233",5120,70,45,1000000,0.6,60,32.5,2,"0",78.625,92.5
"234",5120,70,45,1250000,1.4,85,71.2,2,"0",46.355,90
"235",5120,70,45,800000,1.2,75,58,2,"0",22,20
"236",6400,70,75,1000000,0.7,35,21,2,"0",11.3076923076923,35
"237",6400,70,45,1000000,1.4,70,48,2,"0",47.3076923076923,65
"238",6400,70,45,1000000,0.4,65,6,2,"0",14.0869565217391,57.5
"239",6400,70,45,1000000,0.6,95,23.5,2,"0",21.2914285714286,64
"240",6400,70,45,1000000,0.7,83,21.4,2,"0",20.7,72.5
"241",5120,70,45,1250000,1.2,100,75.5,2,"0",83.125,60
"242",10240,140,30,800000,1.5,55,46.8,2,"0",184.875,42.5
"243",20480,35,3,1250000,1.9,115,178,2,"1",81,100
"244",20480,35,3,1250000,2.1,100,198,2,"1",92,102.5
"245",20480,35,3,1250000,2,85,187,2,"1",115,82.5
"246",10240,35,45,1250000,0.6,41,72,2,"0",18.5567010309278,54.5
"247",10240,35,45,1250000,1.2,51,152,2,"0",36.3711340206186,74.5
"248",10240,35,45,1250000,2,71,202,2,"0",105.652173913043,129.5
"249",30720,0,3,1250000,5.2,110,216,2,"1",133.795555555556,90
"250",30720,0,3,1250000,3.8,90,199,2,"1",125.824864864865,120
"251",30720,100,45,1059860,0.6,100,5,2,"1",75,100
"252",5120,70,45,1059860,0.5,70,5,3,"0",15.4285714285714,55
"253",5120,70,45,1059860,0.9,95,21.6,3,"0",23.5714285714286,75
"254",5120,70,45,1059860,1.7,145,52.2,3,"0",48,127.5
"255",5120,70,45,1059860,0.4,45,2.5,3,"0",20.25,65
"256",5120,70,45,1059860,0.9,55,19.5,3,"0",34.56,85
"257",5120,70,45,1059860,1.9,100,52,3,"0",61.44,145
"258",5120,70,45,1059860,0.4,40,7.6,3,"0",25,60
"259",5120,70,45,1059860,0.7,50,28,3,"0",49,72.5
"260",5120,70,45,1059860,1.5,70,81.9,3,"0",110,122.5
"261",3840,70,255,1000000,0.5,35,13.6,3,"0",10.7763157894737,42.5
"262",3840,70,127,1000000,1,70,37,3,"0",43.1052631578947,75
"263",3840,70,255,1000000,0.4,60,17.5,3,"0",15.58,30
"264",3840,70,90,1000000,0.5,100,32.5,3,"0",47.58,60
"265",3840,70,255,1000000,0.3,20,3.6,3,"0",13.5,32.5
"266",3840,70,120,1000000,0.6,15,10,3,"0",18.4615384615385,30
"267",3840,70,45,1000000,1,65,28.4,3,"0",24.5454545454545,85
"268",3840,70,120,1000000,0.7,15,11.5,3,"0",18.4615384615385,30
"269",3840,70,45,1000000,1.2,65,31.6,3,"0",45.4736842105263,50
"270",3840,70,255,1059860,0.5,30,2.6,3,"0",14.961038961039,35
"271",3840,70,120,1059860,1.2,50,32.5,3,"0",33.6623376623377,55
"272",3840,70,45,1059860,1.5,70,55,3,"0",63.5844155844156,80
"273",3840,70,255,1059860,0.5,30,4,3,"0",13.7142857142857,35
"274",3840,70,120,1059860,1,60,28,3,"0",21.9130434782609,65
"275",3840,70,45,1059860,1.3,80,59.6,3,"0",42.2608695652174,95
"276",3840,70,200,1059860,0.3,85,2.3,3,"0",12,42.5
"277",3840,70,45,1059860,0.7,125,19.8,3,"0",33,80
"278",5120,70,190,1000000,0.6,85,9.5,3,"0",11.6756756756757,42.5
"279",5120,70,45,1000000,1.2,65,28,3,"0",49.6216216216216,72.5
"280",5120,35,235,1250000,0.4,40,6.6,3,"0",8.064,35
"281",5120,35,120,1250000,0.8,50,20.2,3,"0",16.416,50
"282",5120,35,45,1250000,1.6,100,48.4,3,"0",65.28,125
"283",3840,70,200,1000000,0.5,65,1.7,3,"0",16.3459459459459,40
"284",3840,70,75,1000000,0.8,80,3.6,3,"0",41.2363636363636,80
"285",3840,70,255,1640000,0.4,35,4.5,3,"0",30.8571428571429,40
"286",3840,70,90,1640000,1.2,70,39.2,3,"0",32.8695652173913,95
"287",3840,70,255,1250000,0.8,30,24,3,"0",28.5,47.5
"288",3840,70,120,1250000,1.4,90,46.5,3,"0",54,67.5
"289",3840,70,45,1250000,2,100,130.5,3,"0",123.75,127.5
"290",3840,70,255,600000,0.5,40,5.5,3,"0",17.1692307692308,37.5
"291",3840,70,120,600000,0.8,160,12,3,"0",23.7068181818182,70
"292",3840,70,45,600000,0.8,40,1.2,3,"0",0.355263157894737,60
"293",5120,70,190,1059860,0.6,28,16.3,3,"0",14.72,51
"294",5120,70,120,1059860,1,48,40.5,3,"0",36.12,71
"295",5120,70,45,1059860,1.5,68,84,3,"0",70.72,91
"296",5120,70,180,1640000,1,25,86.4,3,"0",19.9384615384615,40
"297",5120,70,200,1640000,2.3,50,253.8,3,"0",79.7538461538462,80
"298",2560,70,150,800000,0.2,20,2,3,"0",21.1764705882353,20
"299",5120,70,255,1000000,1,30,97,3,"0",28.9285714285714,45
"300",3840,70,255,800000,0.6,50,11,3,"0",20,40
"301",3840,70,60,800000,1.1,90,32.6,3,"0",42,60
"302",6400,35,45,1059860,0.5,20,11,3,"0",69.6774193548387,85
"303",5120,70,45,800000,0.6,50,11.5,3,"0",74.7169811320755,80
"304",8960,35,180,1250000,0.4,30,60,3,"0",32.3076923076923,55
"305",8960,35,90,1250000,0.9,40,120,3,"0",52.6153846153846,70
"306",8960,35,45,1250000,2.1,50,360,3,"0",100.153846153846,100
"307",5120,70,180,1000000,0.6,60,11.2,3,"0",14.85,40
"308",5120,70,90,1000000,1.3,100,31.5,3,"0",45.9,90
"309",5120,70,120,1250000,0.6,65,15.2,3,"0",16.4571428571429,55
"310",5120,70,45,1250000,1.5,135,40.2,3,"0",57.6,105
"311",5120,70,200,1000000,0.4,95,4.2,3,"0",35.4857142857143,67.5
"312",5120,70,200,1000000,0.4,95,4.2,3,"0",41.6571428571429,57.5
"313",3840,70,150,600000,0.7,85,17.7,3,"0",48,60
"314",3840,70,150,1640000,0.6,85,17.7,3,"0",48,60
"315",5120,70,150,1059860,0.3,65,2,3,"0",29.2207792207792,80
"316",5120,70,225,1640000,0.4,40,10.3,3,"0",38.16,43
"317",5120,70,75,1640000,1.7,55,80,3,"0",85.3714285714286,73
"318",5120,35,225,1250000,0.8,65,20.8,3,"0",8.52631578947368,77.5
"319",5120,35,60,1250000,1.8,105,88.8,3,"0",44.7631578947368,125
"320",10240,70,125,1640000,2,60,130,3,"0",45.5,70
"321",10240,70,60,1640000,14.5,60,398,3,"0",76.5,90
"322",5120,70,255,1000000,0.7,35,24,3,"0",24.8108108108108,62.5
"323",5120,70,150,1000000,1.9,20,220,3,"0",69.8108108108108,132.5
"324",5120,70,90,1000000,0.5,20,80.4,3,"0",73.5,85
"325",5120,70,255,800000,0.7,60,30.6,3,"0",31.05,47.5
"326",5120,70,60,800000,0.9,80,71.5,3,"0",63,67.5
"327",3840,70,255,800000,1.1,60,5,3,"0",36,60
"328",5120,70,255,1059860,0.7,10,15,3,"0",19.1842105263158,72.5
"329",5120,70,120,1059860,1.1,70,15.3,3,"0",21.9512195121951,60
"330",5120,70,45,1059860,2,100,82,3,"0",56.1951219512195,90
"331",5120,35,190,1059860,0.4,35,51.3,3,"0",17.1428571428571,85
"332",5120,35,60,1059860,1.3,55,77.4,3,"0",32.8695652173913,115
"333",5120,70,255,600000,0.4,50,1.2,3,"0",30.375,40
"334",5120,70,45,600000,1.1,80,20.6,3,"0",71.6666666666667,110
"335",5120,70,90,600000,1.3,90,40.3,3,"0",43.8,87.5
"336",5120,70,90,1640000,2.7,65,52.5,3,"0",45.0514285714286,100
"337",6400,70,45,800000,1,70,168,3,"0",54,75
"338",6400,70,45,800000,1.2,70,154,3,"0",54,75
"339",5120,70,190,1000000,0.4,60,1.9,3,"0",21,47
"340",5120,70,75,1000000,0.9,60,23.6,3,"0",79.2,77
"341",3840,70,205,1640000,0.6,35,11.5,3,"0",21.5,65
"342",3840,70,155,1640000,1.1,55,32.8,3,"0",41.7789473684211,105
"343",5120,70,255,1000000,0.5,55,21.5,3,"0",21.4285714285714,40
"344",5120,70,90,1000000,1.5,75,108,3,"0",57.8571428571429,70
"345",7680,70,45,600000,1,23,23.8,3,"0",46.3885714285714,51
"346",7680,70,45,600000,1.5,43,60.4,3,"0",75.1885714285714,81
"347",7680,70,45,600000,0.7,75,12.5,3,"0",20.25,67.5
"348",7680,70,45,600000,1.5,45,68.2,3,"0",60.75,97.5
"349",5120,70,255,600000,0.6,80,7.4,3,"0",7.5,12.5
"350",5120,70,60,600000,6.2,81,162,3,"0",96.9,80
"351",6400,70,45,1000000,0.3,70,0.8,3,"0",49,70
"352",5120,70,200,1059860,1,40,22,3,"0",57,75
"353",6400,35,225,800000,0.6,45,2.3,3,"0",15.84,69
"354",6400,35,45,800000,1.1,75,12.5,3,"0",53.5341176470588,129
"355",6400,35,190,800000,0.8,25,15,3,"0",19.0588235294118,35
"356",6400,35,90,800000,1.6,25,30.6,3,"0",55.0588235294118,65
"357",6400,70,200,1250000,2,51,100,3,"0",68.076404494382,70
"358",6400,70,45,800000,0.6,65,1,3,"0",57.375,72.5
"359",6400,35,30,1059860,1.2,115,47,3,"0",36.9473684210526,132.5
"360",5120,70,125,1000000,0.6,23,14,3,"0",41.04,23
"361",5120,70,190,1000000,0.7,50,16.8,3,"0",20.9302325581395,50
"362",5120,70,75,1000000,1.5,100,256.5,3,"0",53.5813953488372,120
"363",5120,70,255,1059860,0.8,25,39.5,3,"0",30.3614457831325,47.5
"364",5120,70,120,1059860,1.1,45,87.6,3,"0",54.6506024096386,67.5
"365",5120,70,45,1059860,1.4,65,150.6,3,"0",85.8795180722892,87.5
"366",5120,70,255,600000,0.4,32,52.5,3,"0",24.5,69
"367",5120,70,60,600000,1.7,52,27,3,"0",49.5,99
"368",5120,70,60,600000,1.8,52,22.6,3,"0",49.5,99
"369",10240,70,25,1250000,1,55,23.4,3,"0",82.5882352941177,67.5
"370",5120,70,225,800000,0.6,97,8.7,3,"0",25.8,35
"371",10240,35,45,1250000,0.6,50,42.1,3,"0",19.1842105263158,57.5
"372",10240,35,45,1250000,1.1,50,110.5,3,"0",46.1842105263158,77.5
"373",10240,35,45,1250000,1.5,120,102.6,3,"0",92.8888888888889,132.5
"374",10240,35,3,1250000,0.6,30,95.2,3,"0",31.0153846153846,45
"375",10240,35,3,1250000,1.2,50,202.5,3,"0",59.8153846153846,65
"376",10240,35,3,1250000,1.6,110,550,3,"0",115.2,125
"377",20480,35,3,1250000,1.7,50,230,3,"1",102.857142857143,75
"378",20480,35,3,1250000,1.8,50,175,3,"1",100.46511627907,75
"379",20480,35,3,1250000,1.9,50,205,3,"1",144,75
"380",30720,90,3,1250000,1.4,110,40,3,"1",92.5714285714286,120
"381",30720,90,3,1250000,2,110,60,3,"1",75.4285714285714,145
"382",30720,0,3,1250000,4.5,90,352,3,"1",125,165
"383",30720,0,3,1250000,3.5,90,950,3,"1",118.421052631579,165
"384",30720,0,45,1250000,7,115,206.5,3,"1",93.3333333333333,180
"385",30720,100,3,1250000,0.3,100,1.1,3,"1",110.769230769231,100
"386",30720,0,3,1250000,1.7,180,60.8,3,"1",40.5,95
"387",5120,70,45,1059860,0.4,31,10.2,4,"0",28.05,56.5
"388",5120,70,45,1059860,1.1,36,97,4,"0",48.2142857142857,72
"389",5120,70,45,1059860,2.2,56,310,4,"0",73.8409090909091,92
"390",5120,70,45,1059860,0.5,61,6.2,4,"0",19.36,58
"391",5120,70,45,1059860,0.9,81,22,4,"0",31.9488,78
"392",5120,70,45,1059860,1.2,108,55,4,"0",51.8016,104
"393",5120,70,45,1059860,0.4,40,5.2,4,"0",28.885,56
"394",5120,70,45,1059860,0.8,50,23,4,"0",46.08,73.5
"395",5120,70,45,1059860,1.7,60,84.5,4,"0",98.5406896551724,98.5
"396",3840,70,255,1059860,0.3,60,2,4,"0",12,42.5
"397",3840,70,120,1059860,0.6,80,15.5,4,"0",24.75,57.5
"398",3840,70,45,1059860,1.2,100,24.9,4,"0",55.25,85
"399",3840,70,255,1000000,0.5,31,20,4,"0",23.6,40
"400",3840,70,127,1000000,1,71,31.5,4,"0",47.4,70
"401",3840,70,255,1059860,0.3,25,2.2,4,"0",14.0030769230769,25
"402",3840,70,45,1059860,1,65,25.5,4,"0",36.2492307692308,70
"403",5120,70,235,1059860,0.5,45,9.5,4,"0",15.7371428571429,52.5
"404",5120,100,120,1059860,0.9,60,30.5,4,"0",30.24,72.5
"405",5120,70,45,1059860,1.4,70,42,4,"0",65.0057142857143,107.5
"406",5120,70,255,1059860,0.2,55,1.2,4,"0",19.6363636363636,40
"407",5120,70,75,1059860,0.9,90,14.5,4,"0",47.6883116883117,97.5
"408",7680,70,45,600000,0.9,58,31.5,4,"0",20.1,77.5
"409",7680,70,45,600000,1.6,58,102.5,4,"0",45.7285714285714,115
"410",7680,70,45,600000,0.5,30,57,4,"0",28.5230769230769,42
"411",7680,70,45,600000,1.3,30,149.5,4,"0",84.7384615384615,49.5
"412",3840,70,120,1000000,0.2,36,3.4,4,"0",16.6153846153846,29
"413",3840,70,45,1000000,0.5,36,6.5,4,"0",41.04,69
"414",3840,70,45,1000000,0.9,66,23.3,4,"0",28.6363636363636,94
"415",3840,70,120,1059860,0.3,70,5.5,4,"0",10.3090909090909,30
"416",3840,70,45,1059860,1.2,40,38.5,4,"0",58.4181818181818,80
"417",2560,100,200,1000000,0.4,95,3.9,4,"0",49.3714285714286,45
"418",5120,70,190,1000000,0.7,85,29.5,4,"0",17.875,62.5
"419",5120,70,75,1000000,1.1,115,33.5,4,"0",44.625,95
"420",5120,70,190,1000000,0.4,35,3.3,4,"0",18.9,48.5
"421",5120,70,75,1000000,0.5,85,9.3,4,"0",44.4,73.5
"422",5120,70,190,1000000,0.3,34,6.3,4,"0",41.8,52.5
"423",5120,70,75,1000000,0.9,39,29.9,4,"0",83.25,87.5
"424",5120,100,45,800000,1.2,115,20.3,4,"0",49.5,80
"425",7680,70,125,1640000,0.4,70,1.2,4,"0",34.6191780821918,55
"426",7680,70,60,1640000,1.2,80,15,4,"0",72.4931506849315,85
"427",5120,0,190,1000000,0.4,85,5.5,4,"0",27.5,55
"428",5120,140,60,1000000,1.2,135,33.3,4,"0",61.75,95
"429",6400,35,45,800000,0.9,105,4.4,4,"0",52.4117647058824,82.5
"430",5120,35,30,1059860,0.9,71,27.3,4,"0",50.5945945945946,115
"431",5120,70,190,800000,0.5,85,3.9,4,"0",19.355,48.5
"432",5120,70,75,800000,1,112,43.8,4,"0",43.665,73
"433",6400,70,120,800000,0.2,45,0.6,4,"0",20.25,47.5
"434",5120,70,225,1000000,0.4,74,19.2,4,"0",31.185,52
"435",5120,70,60,1000000,1,84,38,4,"0",74.16,82
"436",5120,70,255,1000000,0.5,23,60.5,4,"0",54.2990769230769,24
"437",5120,70,90,1000000,1.3,33,187,4,"0",86.0898461538462,84
"438",5120,70,255,1000000,0.5,10,15,4,"0",30,45
"439",6400,70,145,1000000,0.6,60,13,4,"0",12.96,47.5
"440",10240,140,130,800000,0.6,30,24.4,4,"0",35,10
"441",5120,35,30,1059860,0.5,91,1.9,4,"0",33.06,78.5
"442",7680,70,100,1000000,1,35,108,4,"0",62.7096774193548,92
"443",10240,70,45,1250000,0.7,42,20.5,4,"0",22.9170731707317,55
"444",10240,70,45,1250000,1.4,82,56,4,"0",35.8243902439024,70
"445",10240,70,45,1250000,1.9,92,95,4,"0",99.5707317073171,145
"446",10240,70,50,1250000,0.6,5,105,4,"0",84.375,62.5
"447",6400,70,75,1059860,0.7,60,20.2,4,"0",14.7692307692308,52.5
"448",6400,70,45,1059860,1.2,112,54,4,"0",64.2193548387097,142.5
"449",7680,70,140,1250000,0.8,32,49.5,4,"0",38.6526315789474,55
"450",7680,70,60,1250000,2,47,300,4,"0",97.2,90
"451",5120,70,120,1250000,0.8,65,12,4,"0",27.4736842105263,40
"452",5120,70,45,1250000,1.3,95,61.5,4,"0",72.84375,75
"453",2560,100,140,1000000,0.7,50,23,4,"0",17.4987341772152,61
"454",5120,70,75,1000000,1.3,85,44.4,4,"0",49.1696202531646,96
"455",6400,70,200,1250000,1.4,46,27,4,"0",45.6685714285714,95
"456",5120,70,190,600000,0.4,66,7,4,"0",28.665,49
"457",5120,70,75,600000,1.2,91,24,4,"0",55.89,69
"458",6400,70,25,1250000,1,50,65,4,"0",37.2162162162162,40
"459",5120,70,120,1250000,1,40,50.5,4,"0",23.76,62
"460",5120,70,60,1250000,2.2,30,135.5,4,"0",68.04,132
"461",5120,35,45,1059860,1.1,125,34,4,"0",40.2127659574468,82.5
"462",5120,70,30,1000000,1.2,60,180,4,"0",80.71875,100
"463",5120,70,30,1000000,1.7,50,140,4,"0",104.5,82.5
"464",5120,70,30,1250000,2.4,40,282.8,4,"0",78.9587628865979,97.5
"465",5120,70,30,1000000,2,50,128.6,4,"0",75,105
"466",6400,70,30,1000000,1.8,95,138.6,4,"0",58.6285714285714,109
"467",6400,70,30,1000000,1.6,83,68,4,"0",60.75,110
"468",2560,70,30,800000,1.5,80,38,4,"0",86.8378378378379,85
"469",5120,70,30,1000000,1.9,95,51.5,4,"0",49.9581818181818,96
"470",8960,35,45,1000000,1,95,25.5,4,"0",54.3214285714286,85
"471",8960,35,45,1000000,0.8,65,25.9,4,"0",55.7790697674419,95
"472",5120,70,30,1059860,2,95,42.5,4,"0",72.972972972973,70
"473",5120,70,50,1250000,2.5,80,291,4,"0",64.4651162790698,100
"474",5120,70,30,1000000,0.9,90,34,4,"0",61.625,107.5
"475",5120,35,45,1250000,1.6,110,52,4,"0",64.26,115
"476",5120,70,60,1000000,1.4,40,340,4,"0",81.6923076923077,65
"477",6400,35,45,800000,2.2,45,106.6,4,"0",64.3235294117647,82.5
"478",5120,70,75,1000000,1.3,110,26.6,4,"0",45.2307692307692,80
"479",5120,70,45,1000000,0.3,86,0.3,4,"0",58.3636363636364,85
"480",20480,140,3,1250000,0.3,95,0.3,4,"1",87.75,75
"481",20480,140,3,1250000,0.3,80,0.3,4,"1",75.6,105
"482",20480,140,3,1250000,0.3,115,0.3,4,"1",47.25,125
"483",30720,0,3,1250000,5.4,90,683,4,"1",138.947368421053,135
"484",30720,0,3,1250000,4.2,100,336,4,"1",99,135
"485",2560,100,3,1250000,1.7,77,430,4,"1",106.848,110
"486",30720,0,3,1250000,3.7,100,420,4,"1",121,120
"487",30720,0,3,1250000,4.5,90,750,4,"1",150,120
"488",30720,100,3,1250000,1.5,85,85.6,4,"1",135,72.5
"489",10240,70,30,1250000,0.4,80,3.1,4,"0",64,80
"490",2560,70,3,1250000,0.3,100,1.4,4,"1",100,100
"491",30720,0,3,1250000,1.5,125,50.5,4,"1",59.6842105263158,112.5
"492",30720,100,45,1059860,0.2,127,2.1,4,"1",64.2857142857143,111.5
"493",30720,0,3,1250000,3.2,120,320,4,"1",144,120
"494",30720,100,3,1250000,0.4,100,4,5,"1",92.3076923076923,100
"495",5120,70,45,1059860,0.6,63,8.1,5,"0",21.2142857142857,45
"496",5120,70,45,1059860,0.8,83,16,5,"0",38.5714285714286,60
"497",5120,70,45,1059860,3.3,113,63,5,"0",61.0714285714286,75
"498",5120,70,45,1059860,0.5,45,9.9,5,"0",29.25,54
"499",5120,70,45,1059860,1,55,55.5,5,"0",47.52,81.5
"500",5120,70,45,1059860,1.6,65,150,5,"0",68.64,111.5
"501",5120,70,45,1059860,0.5,45,5.9,5,"0",24.75,59
"502",5120,70,45,1059860,0.8,60,24.5,5,"0",45,79
"503",5120,70,45,1059860,1.5,70,94.6,5,"0",73.625,104
"504",3840,70,255,1000000,0.5,42,11.6,5,"0",17.55,45
"505",5120,70,255,1000000,1.1,77,27,5,"0",41.4,72.5
"506",3840,70,255,1059860,0.4,55,4.1,5,"0",20.25,42.5
"507",3840,70,120,1059860,0.9,60,14.7,5,"0",42.25,57.5
"508",3840,70,45,1059860,1.2,80,61,5,"0",76.5,77.5
"509",5120,70,255,1000000,0.4,66,10.1,5,"0",14.3715789473684,50
"510",5120,70,90,1000000,1.1,106,37.5,5,"0",30.3157894736842,88
"511",5120,70,190,1000000,0.6,64,10.5,5,"0",20.5714285714286,53
"512",5120,70,75,1000000,1.1,101,30.5,5,"0",40.5,98
"513",5120,70,190,1000000,0.6,64,11,5,"0",24,53
"514",5120,70,75,1000000,1,101,28,5,"0",47.25,98
"515",5120,70,190,1000000,0.6,64,13.5,5,"0",24,53
"516",5120,70,75,1000000,1,101,29,5,"0",47.25,98
"517",2560,70,190,800000,0.6,24,23.3,5,"0",34.2,46
"518",2560,70,75,800000,1.1,29,60.5,5,"0",93.96,81
"519",3840,70,255,1059860,0.3,43,2.1,5,"0",20,45.5
"520",3840,70,120,1059860,0.6,65,15,5,"0",32.24,63.5
"521",3840,70,45,1059860,1.2,93,29,5,"0",54,90
"522",5120,70,190,1000000,0.8,76,29.8,5,"0",14.8114285714286,55
"523",5120,70,75,1000000,1.6,116,79.5,5,"0",48.6,90
"524",3840,70,255,1059860,0.4,15,18,5,"0",25.9285714285714,50
"525",3840,70,120,1059860,0.9,20,102,5,"0",43.5,77.5
"526",3840,70,45,1059860,1.7,25,260,5,"0",76.5,97.5
"527",3840,70,190,1000000,0.4,72,2.1,5,"0",24.8444444444444,50
"528",3840,70,45,1000000,0.9,114,10.5,5,"0",32.7555555555556,67
"529",5120,70,120,1000000,0.3,68,8.5,5,"0",24.1578947368421,57.5
"530",5120,70,60,1000000,0.7,88,40.4,5,"0",78.5714285714286,92.5
"531",5120,70,255,800000,1.1,50,31,5,"0",129.78,70
"532",5120,70,180,1059860,0.6,35,12.5,5,"0",31.1538461538462,52.5
"533",5120,70,90,1059860,1.2,40,40,5,"0",52.9615384615385,72.5
"534",5120,70,45,1059860,1.4,45,87,5,"0",77.5384615384615,97.5
"535",5120,70,255,1059860,0.5,64,4.5,5,"0",20,50
"536",5120,70,120,1059860,0.8,69,17,5,"0",41.25,65
"537",5120,70,45,1059860,1.5,74,62,5,"0",78.75,90
"538",5120,70,45,1000000,1.3,45,55.5,5,"0",94.1538461538462,65
"539",5120,70,45,1000000,1.4,85,51,5,"0",51.9230769230769,77.5
"540",3840,70,255,1059860,0.3,42,2.5,5,"0",21.06,46.5
"541",3840,70,120,1059860,0.5,42,7.3,5,"0",33.66,56.5
"542",3840,70,45,1059860,1.2,92,20.5,5,"0",43.2,86.5
"543",3840,70,255,1059860,0.4,57,5.3,5,"0",13.9263157894737,37.5
"544",3840,70,120,1059860,1.2,47,58.5,5,"0",33.7263157894737,47.5
"545",5120,70,45,1059860,2.5,112,200.5,5,"0",44.9052631578947,77.5
"546",5120,70,190,1000000,0.3,66,0.6,5,"0",18.8571428571429,32
"547",5120,70,75,1000000,0.7,116,6.6,5,"0",41.1428571428571,72
"548",5120,70,190,1000000,0.5,30,6.6,5,"0",19.2857142857143,52.5
"549",5120,70,75,1000000,1.1,90,16.3,5,"0",45,85
"550",10240,70,25,1000000,1,98,18,5,"0",42,86
"551",5120,70,180,1059860,0.7,65,15.2,5,"0",15.75,53.5
"552",5120,70,90,1059860,1,74,33.4,5,"0",24.3,63.5
"553",5120,70,45,1059860,1.5,92,96.3,5,"0",64.125,91
"554",5120,70,120,1059860,0.6,50,37.5,5,"0",31.5,52.5
"555",5120,70,60,1059860,1.3,55,92.9,5,"0",110.25,85
"556",5120,70,255,1000000,1,60,28,5,"0",43.0714285714286,96
"557",5120,70,190,1000000,0.3,55,14.5,5,"0",27,50
"558",5120,70,75,1000000,1.4,45,200,5,"0",63,85
"559",3840,35,180,1000000,0.6,48,11.8,5,"0",31.1111111111111,55
"560",3840,70,90,1000000,1.1,58,30,5,"0",66.4444444444444,67.5
"561",5120,70,45,1000000,1.4,97,14,5,"0",51.2,80.5
"562",6400,70,190,1000000,0.5,30,1.5,5,"0",30.1764705882353,42.5
"563",6400,70,90,1000000,1.7,30,76.5,5,"0",76.7647058823529,72.5
"564",7680,70,45,1000000,0.7,22,16.5,5,"0",33.8484705882353,65.5
"565",7680,70,45,1000000,1.2,32,81,5,"0",62.0555294117647,95.5
"566",7680,70,45,1000000,0.5,70,9.5,5,"0",22.8461538461538,93
"567",7680,70,45,1000000,1.4,110,32,5,"0",45,126
"568",5120,70,190,1000000,0.6,65,31,5,"0",31.8857142857143,45
"569",5120,70,60,1000000,1.9,75,107.3,5,"0",67.4742857142857,77.5
"570",6400,70,75,1059860,0.7,65,12.5,5,"0",15.1578947368421,72.5
"571",5120,70,45,1059860,1.6,105,81.1,5,"0",34.1052631578947,112.5
"572",3840,70,255,800000,0.4,75,5.8,5,"0",22,45
"573",3840,70,60,800000,0.5,115,7.5,5,"0",45,80
"574",5120,70,200,1059860,0.4,45,5.8,5,"0",23.2875,42.5
"575",5120,70,100,1059860,0.7,55,18,5,"0",41.85,60
"576",5120,70,50,1059860,1.5,65,44,5,"0",64.575,75
"577",5120,70,200,1059860,0.3,20,1,5,"0",18.225,67.5
"578",5120,70,100,1059860,0.6,30,8,5,"0",32.175,82.5
"579",5120,70,50,1059860,1,30,20.1,5,"0",79.2,95
"580",5120,70,190,1000000,0.5,55,5.5,5,"0",30.1621621621622,44
"581",5120,70,45,1000000,1.3,98,24.2,5,"0",45.972972972973,87
"582",5120,70,255,1250000,0.4,44,5.7,5,"0",16.5767441860465,57.5
"583",5120,70,120,1250000,1.1,59,41,5,"0",29.8883720930233,72.5
"584",5120,70,45,1250000,1.3,79,57.5,5,"0",53.4976744186047,102.5
"585",5120,70,190,1000000,0.6,75,19.5,5,"0",25.7142857142857,50
"586",5120,70,75,1000000,1.9,95,92.5,5,"0",48,80
"587",5120,70,200,1000000,0.4,103,5,5,"0",36,75
"588",3840,70,200,1000000,0.5,60,5.9,5,"0",20.7692307692308,57.5
"589",3840,70,75,1000000,1,20,33,5,"0",84,97.5
"590",5120,70,190,1000000,0.2,15,1,5,"0",32.2597402597403,55
"591",5120,70,75,1000000,0.6,30,10.5,5,"0",79.948051948052,85
"592",5120,70,190,1000000,1.2,40,33,5,"0",39.3088235294118,52.5
"593",5120,70,60,1000000,2.2,60,135,5,"0",92.6470588235294,72.5
"594",10240,70,75,800000,1.2,65,31.6,5,"0",103.125,57.5
"595",5120,70,190,1000000,0.1,65,0.6,5,"0",25,52
"596",5120,70,75,1000000,0.8,108,14.3,5,"0",42,87
"597",5120,70,255,1000000,0.6,10,18.8,5,"0",43.1335384615385,37
"598",5120,70,90,1000000,1,20,110,5,"0",101.232,74
"599",5120,70,130,1059860,0.3,30,21,5,"0",31.2,50
"600",5120,70,60,1059860,0.6,50,51,5,"0",64.8,75
"601",5120,70,30,1059860,0.6,90,81,5,"0",72,85
"602",5120,70,190,1250000,0.2,60,0.3,5,"0",14.4,50
"603",5120,70,60,1250000,1.2,40,22,5,"0",46.8,80
"604",5120,70,30,1250000,2.1,50,80.5,5,"0",69.9428571428572,110
"605",5120,70,255,1000000,0.5,30,9,5,"0",27.225,70
"606",5120,70,90,1000000,1,40,34.5,5,"0",57.375,100
"607",5120,70,190,1059860,0.3,20,3.1,5,"0",28.695652173913,47.5
"608",5120,70,90,1059860,0.6,55,13,5,"0",37.5652173913043,67.5
"609",5120,70,45,1059860,1,80,34.3,5,"0",56.3478260869565,100
"610",10240,35,75,1250000,0.6,57,18,5,"0",21.7894736842105,58.5
"611",10240,35,60,1250000,1,67,36,5,"0",37.5157894736842,78.5
"612",10240,35,45,1250000,1.8,97,105.5,5,"0",57.6,103.5
"613",5120,70,120,1000000,0.5,40,8.5,5,"0",18.4186046511628,65
"614",5120,70,60,1000000,2.6,50,260,5,"0",63.6279069767442,100
"615",6400,70,25,1000000,1.1,105,148,5,"0",61.953488372093,72.5
"616",3840,70,200,1000000,0.4,25,7.7,5,"0",34.6153846153846,40
"617",3840,70,75,1000000,0.8,145,25.3,5,"0",36.9230769230769,85
"618",5120,70,75,1000000,0.7,32,11,5,"0",94.4857894736842,73.5
"619",6400,70,180,1059860,0.9,65,20,5,"0",20.7692307692308,70
"620",6400,70,45,1059860,1.4,105,35.5,5,"0",36,110
"621",7680,70,45,1000000,1.6,48,139,5,"0",65.6526315789474,90
"622",6400,70,190,1000000,1,35,92,5,"0",29.0958904109589,54.5
"623",6400,70,90,1000000,2.8,55,330,5,"0",70.2246575342466,89.5
"624",5120,35,120,1000000,0.5,60,10.2,5,"0",27,62.5
"625",5120,35,45,1000000,1.6,70,70,5,"0",60.2727272727273,92.5
"626",5120,70,45,1000000,1.6,55,94.6,5,"0",90.25,75
"627",5120,70,190,1250000,0.5,60,10.5,5,"0",35,60
"628",5120,70,60,1250000,1.5,80,41,5,"0",75,90
"629",5120,35,190,1250000,0.5,60,9,5,"0",47.6756756756757,50
"630",5120,35,60,1250000,1.2,80,39.5,5,"0",107.027027027027,60
"631",5120,70,90,1000000,1.4,65,58,5,"0",56.1,101
"632",5120,70,90,1000000,0.3,109,33,5,"0",53.0285714285714,78.5
"633",10240,35,45,1250000,0.8,38,17.3,5,"0",22.2857142857143,55
"634",10240,35,45,1250000,1.4,58,50,5,"0",43.2,75
"635",10240,35,45,1250000,1.8,98,160,5,"0",70.9714285714286,115
"636",10240,70,45,1250000,1.1,60,28.8,5,"0",27.5696202531646,67.5
"637",10240,70,15,1250000,1.6,100,46,5,"0",65.8481012658228,97.5
"638",20480,35,3,1250000,2.1,108,250,5,"1",106.205806451613,90
"639",20480,35,3,1250000,1.9,108,260,5,"1",67.0090909090909,100.5
"640",20480,35,3,1250000,2,108,200,5,"1",71.5734782608696,90
"641",30720,90,3,1250000,1.5,121,63,5,"1",65.3351351351351,105
"642",30720,90,3,1250000,1.5,101,61,5,"1",64.6363636363636,125
"643",30720,0,3,1250000,3.2,90,330,5,"1",110,135
"644",30720,0,3,1250000,2.9,90,345,5,"1",105.6,135
"645",30720,90,3,1250000,1.5,91,68,5,"1",73.6054054054054,125
"646",30720,0,3,1250000,3,95,325,5,"1",99.4186046511628,145
"647",20480,35,3,1250000,1.4,108,48.5,5,"1",75.6,100.5
"648",30720,100,3,1250000,0.6,128,6.5,5,"1",81.2432432432433,102.5
"649",30720,0,3,1250000,1.5,99,82.5,5,"1",77.0857142857143,120
"650",5120,70,45,1059860,0.4,38,9,6,"0",26.4,54.5
"651",5120,70,45,1059860,0.7,57,29,6,"0",39.9985714285714,67
"652",5120,70,45,1059860,1.6,64,90,6,"0",67.8365217391304,90.5
"653",5120,70,45,1059860,0.4,60,9.4,6,"0",20,53.5
"654",5120,70,45,1059860,1,73,14.5,6,"0",37.76,74.5
"655",5120,70,45,1059860,1.5,104,39,6,"0",59.5384615384615,91.5
"656",5120,70,45,1059860,0.3,71,7,6,"0",17.22,59
"657",5120,70,45,1059860,0.6,97,10.9,6,"0",29.16,73
"658",5120,70,45,1059860,1.5,132,40,6,"0",47.0652631578947,149
"659",3840,70,255,1000000,0.4,57,5,6,"0",14.06,34
"660",3840,70,127,1000000,1,78,42.4,6,"0",62.0052631578947,53
"661",3840,70,255,1059860,0.3,62,1.7,6,"0",18.225,45
"662",3840,70,120,1059860,0.7,84,16,6,"0",32.2735135135135,64.5
"663",3840,70,45,1059860,1.2,126,24.5,6,"0",53.1243243243243,77.5
"664",3840,70,255,1000000,0.3,35,2.5,6,"0",11.4,31
"665",3840,70,120,1000000,0.3,29,8.4,6,"0",18.6923076923077,24.5
"666",3840,70,45,1000000,1.2,89,17,6,"0",32.7272727272727,71
"667",5120,70,220,1059860,0.6,72,13.5,6,"0",34.72,61.5
"668",5120,70,65,1059860,1.5,106,81.5,6,"0",59.34,88.5
"669",5120,70,225,1000000,0.1,42,0.1,6,"0",26.7017142857143,49.5
"670",5120,70,120,1000000,0.2,92,0.9,6,"0",74.2114285714286,95
"671",5120,70,45,1000000,1.1,75,10,6,"0",89.0537142857143,88.5
"672",5120,70,200,1000000,0.9,52,31,6,"0",29.7,63.5
"673",5120,70,45,1000000,1.7,68,91,6,"0",75.3814285714286,98.5
"674",6400,70,220,1000000,0.6,43,8,6,"0",34.0153846153846,64
"675",6400,70,65,1000000,2.1,58,136,6,"0",62.9111111111111,96.5
"676",5120,70,160,1000000,1.2,102,28,6,"0",56.25,72.5
"677",5120,70,190,1000000,0.3,68,3.5,6,"0",31.806,55.5
"678",5120,70,75,1000000,0.6,104,8.5,6,"0",52.281,65.5
"679",5120,70,180,1000000,0.8,28,2,6,"0",38.9368421052632,57.5
"680",5120,70,90,1000000,0.8,35,4.5,6,"0",74.1536842105263,77.5
"681",5120,70,45,1000000,1.7,60,53,6,"0",37.8947368421053,150
"682",5120,70,200,1000000,0.2,23,0.5,6,"0",50.1428571428571,57.5
"683",5120,70,140,1000000,0.8,29,15.5,6,"0",83.628,85.5
"684",5120,70,200,1000000,0.4,49,3.5,6,"0",39.2194285714286,53.5
"685",5120,70,140,1000000,0.8,72,5,6,"0",67.896,82.5
"686",5120,70,190,1000000,0.4,45,3.5,6,"0",22.4871428571429,45.5
"687",5120,70,80,1000000,1.5,73,47,6,"0",60.0771428571429,80
"688",5120,70,120,1000000,0.5,50,31,6,"0",21.8795294117647,45.5
"689",5120,70,45,1000000,1.3,68,96,6,"0",61.2931764705882,79.5
"690",5120,70,225,1000000,0.5,30,7.3,6,"0",31.7647058823529,60
"691",5120,70,55,1000000,1.8,44,81.5,6,"0",68.2767123287671,86
"692",3840,70,225,1250000,0.5,44,8.3,6,"0",31.25,55.5
"693",3840,70,55,1250000,1.3,59,35.3,6,"0",62.835,96.5
"694",5120,70,190,1000000,0.5,70,6,6,"0",17.1977142857143,49.5
"695",5120,70,75,1000000,1,109,21,6,"0",46.5531428571429,82
"696",7680,70,45,1000000,0.8,48,26,6,"0",29.9689411764706,67
"697",7680,70,45,1000000,2.5,71,270,6,"0",61.8183529411765,95
"698",7680,70,45,1000000,1.3,46,25.2,6,"0",30.1188461538462,63
"699",7680,70,45,1000000,2.7,58,225,6,"0",69.8261538461538,88
"700",8960,70,45,1000000,1,60,23.5,6,"0",95.2714285714286,87.5
"701",5120,70,100,1000000,0.8,118,21.5,6,"0",49.0511392405063,83
"702",5120,70,180,1000000,0.2,101,2.2,6,"0",45.3163636363636,69.5
"703",6400,70,60,1250000,0.3,50,5.7,6,"0",65.8536585365854,50
"704",10240,35,45,1250000,0.3,40,2.8,6,"0",23.4473684210526,52.5
"705",10240,35,45,1250000,0.8,60,17.5,6,"0",53.4694736842105,79
"706",10240,35,45,1250000,2,80,150.5,6,"0",93.7894736842105,105
"707",5120,70,75,800000,0.2,75,3,6,"0",68.9162264150943,80
"708",5120,70,120,1000000,0.4,38,7,6,"0",21.9978947368421,60
"709",5120,70,60,1000000,1.5,56,71,6,"0",63.6157894736842,87.5
"710",5120,70,120,1000000,0.8,41,15,6,"0",34.9342105263158,55
"711",5120,70,60,1000000,1.7,54,39,6,"0",79.3184210526316,79
"712",5120,70,190,1000000,1,28,99.5,6,"0",27.6279069767442,50.5
"713",5120,70,55,1000000,2,28,505,6,"0",91.4651162790698,80.5
"714",5120,70,190,1000000,0.5,55,8,6,"0",13.3333333333333,37.5
"715",5120,70,45,1000000,1.5,123,85,6,"0",60.4444444444444,83.5
"716",30720,0,45,1250000,3,99,215,6,"1",125.064,131
"717",30720,0,45,1250000,5.8,99,203,6,"1",118.303783783784,131
"718",30720,0,3,1250000,5,85,284.6,6,"1",204.831219512195,95.5
"719",6400,70,3,1250000,0.7,110,8.8,6,"1",48.2926829268293,160
"721",30720,100,3,1250000,1.7,70,195,6,"1",85.1830985915493,120
"722",3840,70,45,1059860,0.3,42,1.5,7,"0",28.8808988764045,52.5
"723",3840,70,45,1059860,0.7,52,16,7,"0",45.7483146067416,72.5
"724",3840,70,45,1059860,1.6,70,36.6,7,"0",64.6578947368421,103.5
"725",3840,70,45,1059860,0.4,70,4.3,7,"0",18,62.5
"726",3840,70,45,1059860,0.7,90,25,7,"0",32.5,82.5
"727",3840,70,45,1059860,1.8,60,83,7,"0",85.5,97.5
"728",3840,70,45,1059860,0.4,40,7.5,7,"0",27.5,60
"729",3840,70,45,1059860,0.6,50,17.5,7,"0",45,80
"730",3840,70,45,1059860,1.8,60,44,7,"0",80.4705882352941,100
"731",3840,70,255,1000000,0.3,65,1.2,7,"0",10.5,52.5
"732",3840,70,120,1000000,0.6,75,14.8,7,"0",27.5,62.5
"733",3840,70,45,1000000,1.1,60,26,7,"0",60,97.5
"734",3840,70,255,1000000,0.4,45,6,7,"0",14.4,50
"735",3840,70,127,1000000,0.7,45,14.2,7,"0",52.8,82.5
"736",3840,70,255,1000000,0.4,46,4.4,7,"0",19.5230769230769,58.5
"737",3840,70,120,1000000,0.5,36,10.5,7,"0",48.45,68.5
"738",3840,70,45,1000000,1.5,43,45,7,"0",63.525,107.5
"739",5120,70,225,1000000,0.6,63,7,7,"0",22.56,62
"740",5120,70,60,1000000,1.7,43,180,7,"0",55.872,97
"741",5120,70,45,1000000,0.6,93,3.4,7,"0",51.0810810810811,84
"742",5120,70,190,1000000,0.1,84,0.2,7,"0",14.961038961039,50
"743",5120,70,75,1000000,0.2,124,0.5,7,"0",36.4675324675325,75
"744",3840,70,190,1000000,0.5,60,9.2,7,"0",15.4285714285714,47.5
"746",3840,70,60,800000,0.2,30,0.3,7,"0",59.625,140
"747",5120,70,190,1000000,0.4,45,8,7,"0",30.1764705882353,48
"748",5120,70,75,1000000,0.7,35,14.5,7,"0",77.8235294117647,58
"749",5120,70,190,1000000,1,45,110,7,"0",41.4473684210526,72.5
"750",5120,70,60,1000000,2.5,35,920,7,"0",87.6315789473684,90
"751",3840,70,200,1000000,0.3,27,4,7,"0",22.9232432432432,40
"752",3840,70,100,1000000,1.8,42,82,7,"0",74.1016216216216,60
"753",5120,70,190,1000000,0.3,35,1.5,7,"0",12,52.5
"754",5120,70,75,1000000,0.9,45,18.5,7,"0",54,92.5
"755",5120,70,190,1000000,0.2,15,1.5,7,"0",22.2857142857143,50
"756",5120,70,75,1000000,1,30,11.5,7,"0",46.2857142857143,67.5
"757",5120,70,120,1000000,0.6,77,4.8,7,"0",17.9532467532468,57.5
"758",5120,70,45,1000000,1.2,117,22.2,7,"0",38.1506493506493,87.5
"759",3840,70,140,1000000,0.5,50,6.8,7,"0",32.3076923076923,60
"760",3840,70,70,1000000,2.1,60,135,7,"0",77.5384615384615,90
"761",5120,70,235,1059860,0.3,32,3.2,7,"0",13.68,30
"762",5120,70,120,1059860,0.7,62,8.2,7,"0",21.3942857142857,40
"763",5120,70,45,1059860,1.2,72,21.4,7,"0",60.48,85
"764",5120,70,60,800000,0.1,100,0.3,7,"0",52.4571428571429,67
"765",5120,70,45,1250000,1.5,60,76,7,"0",83.1891891891892,75
"766",5120,70,45,1250000,2,80,82.8,7,"0",69.2307692307692,80
"767",5120,70,90,1000000,0.5,80,12,7,"0",8.51351351351351,27.5
"768",5120,70,45,1000000,2,40,108,7,"0",83.9189189189189,92.5
"769",3840,70,140,1000000,0.5,15,70,7,"0",33.9041095890411,62.5
"770",3840,70,60,1000000,1.3,35,250,7,"0",77.5479452054795,87.5
"771",3840,70,60,800000,0.3,5,1.2,7,"0",71.5,45
"772",30720,0,3,1250000,1.9,59,120.5,7,"0",90.25,95
"773",30720,0,3,1250000,2.3,95,100.5,7,"0",90.25,95
"775",5120,70,45,1250000,0.4,65,19.9,7,"0",52,95
"776",5120,70,70,1000000,2,36,212,7,"0",66,84.5
"777",2560,70,180,1000000,0.3,96,3.3,7,"0",49.725,69
"778",5120,70,45,1000000,0.2,96,0.7,7,"0",56.3538461538462,70
"779",3840,70,80,1000000,0.9,92,19,7,"0",42.84,87.5
"780",5120,70,70,1000000,3,36,185,7,"0",65.0273684210526,97.5
"781",6400,70,25,1000000,3.9,40,210,7,"0",63,108.5
"782",10240,70,45,1250000,0.6,45,29.7,7,"0",23.4473684210526,50
"783",10240,70,45,1250000,1.2,65,47,7,"0",36.8372093023256,70
"784",10240,70,45,1250000,1.6,85,78.2,7,"0",72.2093023255814,105
"785",3840,70,3,1250000,1.8,130,20.5,7,"1",61.0909090909091,105
"786",3840,70,3,1250000,1.2,95,18.6,7,"1",63.84,107.5
"787",3840,70,3,1250000,1.9,75,45.5,7,"1",63,107.5
"788",3840,70,3,1250000,1.3,85,21.2,7,"1",90.7941176470588,85
"789",30720,0,45,1250000,0.2,37,0.1,7,"1",11.997,29
"790",30720,0,45,1250000,0.1,37,999.9,7,"1",50.697,29
"791",30720,0,45,1250000,3.4,97,230,7,"1",148.718769230769,125
"792",30720,0,45,1250000,4,97,120,7,"1",115.08,125
"793",30720,0,45,1250000,1.2,103,55.5,7,"1",84.1532530120482,90
"794",30720,0,25,1250000,2.4,79,333.6,7,"1",85.9981395348837,96
"795",30720,0,255,1250000,1.8,151,25,7,"1",21.993488372093,137
"796",30720,0,30,1250000,3.8,83,100,7,"1",60.6137142857143,131
"797",30720,0,25,1250000,9.2,61,999.9,7,"1",131.92,104
"798",30720,0,255,1250000,0.3,109,0.1,7,"1",52.9366153846154,120
"799",30720,0,15,1250000,5.5,43,888,7,"1",101.305714285714,99
"800",30720,0,3,1250000,2.4,79,230,7,"1",82.935,117
"801",30720,0,3,1250000,1,65,80.5,7,"1",124.981132075472,112.5
